level,categorical_encoding,rank_Average,f1_mean_Average,f1_std_Average,rank_Single,f1_mean_Single,f1_std_Single,rank_Single_OA,f1_mean_Single_OA,f1_std_Single_OA,rank_Order,f1_mean_Order,f1_std_Order,rank_Attribute,f1_mean_Attribute,f1_std_Attribute,rank_Arrival Time,f1_mean_Arrival Time,f1_std_Arrival Time,rank_Workload,f1_mean_Workload,f1_std_Workload,run_time_mean,run_time_std
trace,One-Hot,3.94,0.22904836223423025,0.09301682784113834,4.28,0.5015554649347631,0.09752031610314583,4.28,0.17744906542715594,0.12526333597102576,4.89,0.17574272702004068,0.12361576916763453,3.56,0.18445889119067763,0.12873261682430706,5.44,0.1455339963580582,0.10469221892295907,2.17,0.4104578343681446,0.02847969232964247,94.59405982759264,29.467712670377455
trace,Word2Vec C,3.33,0.22554113841496892,0.09591063463033284,4.0,0.5052026633412044,0.10194695423413294,1.89,0.19486252343996074,0.13177936143919775,4.28,0.177187474793941,0.12447930189260499,2.0,0.20039827213493158,0.13126866097942116,2.17,0.16254631680826856,0.11414875339731771,4.94,0.36833774711329126,0.03367427209344399,60.045330316219754,14.726632647367039
trace,Word2Vec ATC,2.78,0.23137835941820364,0.09437831336370116,2.67,0.5362737652885032,0.07571663074424315,5.11,0.17513963722948145,0.12287945701223191,2.61,0.1851707072294449,0.1285819384098816,5.44,0.1742430198895089,0.12350571085293352,2.72,0.1532373275662886,0.10550406707890268,2.44,0.4128623829875721,0.03749439946201534,75.69968491395313,14.957580669680729
trace,Trace2Vec C,2.67,0.22727615415844848,0.09599636726875677,2.89,0.5100005725946491,0.09975545841396737,1.83,0.1973834362033762,0.13262311308417907,2.06,0.19239535365712032,0.12413045197859494,2.06,0.19626367723283547,0.13294150420643927,4.61,0.1510923688095173,0.1025941704109307,3.28,0.37896280839216473,0.03770255402231326,60.145340935572115,14.906362802088152
trace,Trace2Vec ATC,3.83,0.2280778435624825,0.09459621167954987,3.11,0.535241683245902,0.07637960553379987,5.17,0.17495616247032575,0.12299642312133928,2.83,0.18503783451944297,0.12875674939120346,5.17,0.17429984782616284,0.1233986736608927,3.61,0.15116308867598324,0.10409612450305927,3.44,0.40181060322834095,0.037772397642261375,76.99314031336043,15.631726701085872
trace,Fixed-Vector,4.44,0.222117250040566,0.09370000624785244,4.06,0.5017525689662601,0.10036718124801851,2.72,0.18558100201116853,0.12564075060509944,4.33,0.1758931452541342,0.12205442702110832,2.78,0.18649535220559288,0.12381098646281205,2.44,0.16170641128564192,0.11270743116001498,4.72,0.364374091416895,0.03800734706456406,76.12677987151676,23.36574107156538
event,One-Hot,3.11,0.06462270426779673,0.026550333657063777,3.44,0.1534093164738522,0.04327099516199608,3.72,0.048981096302608045,0.03604307994597342,3.61,0.049235069262616046,0.03629909685305923,3.72,0.048831138711982934,0.036467363556678095,5.56,0.029896533220616417,0.02290735877826749,1.72,0.13052807587597154,0.030467222183959378,94.59405982759264,29.467712670377455
event,Word2Vec C,4.22,0.05477676581684337,0.024601819047812654,4.11,0.14682058514783786,0.04991425270856821,2.72,0.05166689574437805,0.03701035984266017,4.78,0.046808933199016065,0.03505481519760595,1.83,0.055570348902951296,0.03737003456757836,3.89,0.03124404880562264,0.022343271931085325,5.06,0.08528029507136335,0.008142613265965314,60.045330316219754,14.726632647367039
event,Word2Vec ATC,1.56,0.06495674994241665,0.02583697952943772,1.5,0.1920572518084687,0.03829649447855683,3.22,0.04938002692402565,0.035350624668446635,3.11,0.05007130438858288,0.03481509136280142,3.61,0.04916935214094451,0.03555439344217454,2.44,0.03331185766378404,0.023939708346772937,2.28,0.12727448557635518,0.0272044717119245,75.69968491395313,14.957580669680729
event,Trace2Vec C,5.17,0.05352895441543081,0.024644119130984066,4.83,0.14547637891022056,0.049422994731038,3.22,0.05047188999335647,0.03630154132100332,3.56,0.048374132688066916,0.03443345452537201,3.39,0.050468353131436716,0.0361338689351363,4.22,0.031389080859800265,0.023054678967023623,5.06,0.08475493066825783,0.008500778082410296,60.145340935572115,14.906362802088152
event,Trace2Vec ATC,1.61,0.06520365072512338,0.02630405107702664,1.5,0.19165124591529295,0.0391227252462173,3.17,0.049406110664477226,0.03532253196527365,3.44,0.050017436310081605,0.034873316584432885,3.39,0.0492148498137169,0.03550879092465954,2.17,0.03339398677995275,0.02408883278201712,2.06,0.12818832999674223,0.02734377948170116,76.99314031336043,15.631726701085872
event,Fixed-Vector,5.33,0.05388934981930275,0.024275939139578536,5.61,0.14159852659764383,0.04703908629868879,4.94,0.046254363634565414,0.032510831647950066,2.5,0.05012685634402177,0.0364355255649847,5.06,0.0458145908922385,0.03227178465047712,2.72,0.03296541193295911,0.024218755321252394,4.83,0.08665054010799161,0.00848752629624965,76.12677987151676,23.36574107156538
attribute,One-Hot,3.56,0.0327717544703049,0.016785419630152783,2.5,0.030052750315265046,0.013469159229134338,2.11,0.02692161596003128,0.019432710894859918,5.44,0.03736250444095992,0.02689289489205244,3.22,0.019482214983279008,0.014281996731696375,5.56,0.029896533220616417,0.02290735877826749,2.33,0.04434576523636424,0.014324046737046079,94.59405982759264,29.467712670377455
attribute,Word2Vec C,4.56,0.03101134306899994,0.017686133352002222,5.0,0.02585233538679803,0.010877062625596566,2.78,0.02517274786156455,0.017842937276076127,3.78,0.04280452176811651,0.03231062674908061,1.78,0.021504138694627223,0.014245751021171324,3.89,0.03124404880562264,0.022343271931085325,5.39,0.027675325933837164,0.003227076080772783,60.045330316219754,14.726632647367039
attribute,Word2Vec ATC,2.44,0.035914270594779446,0.01841582726304602,2.17,0.029265308406340514,0.01051051699225334,4.39,0.02290694939971611,0.016980113535971997,3.39,0.043811709697966515,0.03189524720138082,3.56,0.019030602475975135,0.013692186501857396,2.44,0.03331185766378404,0.023939708346772937,2.0,0.047502912541392085,0.015773258759881843,75.69968491395313,14.957580669680729
attribute,Trace2Vec C,3.56,0.03305915890933053,0.01766456290962723,4.89,0.025887728733092717,0.010739941073148988,3.72,0.024157335520354054,0.016923695650513656,1.33,0.05426968655945916,0.03212279804512821,4.11,0.018609573139533188,0.013352045528258489,4.22,0.031389080859800265,0.023054678967023623,4.44,0.028244578860762766,0.0038582734791476397,60.145340935572115,14.906362802088152
attribute,Trace2Vec ATC,2.22,0.036105723849041566,0.01847180812157849,2.0,0.02934251393732714,0.010598526902121161,4.0,0.022935587446652663,0.01695029565100173,3.56,0.043799727206433534,0.031849867058014035,3.28,0.01904463149878749,0.0136647593055205,2.17,0.03339398677995275,0.02408883278201712,1.72,0.04818454991099251,0.015499531948637972,76.99314031336043,15.631726701085872
attribute,Fixed-Vector,4.67,0.031021977707645185,0.016770933597276563,4.44,0.0261642593519835,0.009789496947728998,4.0,0.02410162410257819,0.01570092749730114,3.5,0.0445713903991883,0.02924981029910344,5.06,0.01774458886807732,0.012546495399835841,2.72,0.03296541193295911,0.024218755321252394,5.11,0.028806519630356013,0.0045464627688344686,76.12677987151676,23.36574107156538
combined,One-Hot,3.94,0.10881427365744395,0.044462036770248264,3.78,0.22833917724129346,0.050412839408963815,3.94,0.08445059256326509,0.06079070555248247,4.94,0.08744676690787222,0.06291490358016982,3.61,0.08425741496197985,0.06073366592021921,5.67,0.06844235426643035,0.050964115621121665,2.11,0.19511055849349346,0.022988450260813958,94.59405982759263,29.074924640576178
combined,Word2Vec C,3.89,0.10377641576693741,0.04543754904238426,4.5,0.22505788089935722,0.05423016790809086,1.72,0.090432627334696,0.0625450954845946,4.33,0.08882379203813275,0.06424807731951637,1.5,0.09228659978977388,0.061344896741518856,2.33,0.07470244991584044,0.05352337311617724,5.17,0.1592928213240026,0.014442586097482541,59.43522836278986,11.907296324301306
combined,Word2Vec ATC,1.78,0.11074979331846657,0.04566842786529814,1.22,0.25253210850110414,0.03960704938217358,4.78,0.0824755378510744,0.059547075096321865,2.94,0.09301790710533142,0.06622494451645805,5.11,0.08081432483547618,0.058720644995849905,2.89,0.07328701429795223,0.05187196707199153,2.06,0.19587992703510645,0.023783483699704726,75.69968491395313,14.698557196003588
combined,Trace2Vec C,3.44,0.10462142249440326,0.04549739341571437,4.28,0.22582305995215896,0.05324560776839298,2.17,0.08950569644163868,0.06330719591722712,1.83,0.09730691138913271,0.06469496889804437,2.17,0.08724749308489299,0.062203730368833074,4.72,0.07041438974145081,0.05081156029518247,3.89,0.16351689576213657,0.015093170921063102,59.51882291127135,12.139954201537424
combined,Trace2Vec ATC,2.61,0.10979573937888248,0.04591482487005472,1.78,0.25207848103284075,0.04006908679918595,4.78,0.08243262019381854,0.059561045428917096,3.28,0.09295166601198605,0.06629108700382808,4.72,0.08085310971288909,0.05865265783313694,3.28,0.07265035407862958,0.051536357808606395,2.72,0.19272782771202523,0.022651768795649015,76.99314031336043,15.373111972792907
combined,Fixed-Vector,5.33,0.10234285918917131,0.04435632920703284,5.44,0.22317178497196247,0.05244912733015488,3.61,0.08531232991610405,0.058717372492489366,3.67,0.09019713066578142,0.06293841213224288,3.89,0.0833515106553029,0.05724046225246987,2.11,0.07587907838385338,0.0544991071257207,5.06,0.15994371705174754,0.015656648596413403,76.12677987151676,18.11161379934561
