dataset_short_name,categorical_encoding,level,f1_mean,f1_std,f1_rank
gigantic/0.05,Fixed Vector,attribute,0.012647541276342659,0.01186158353948158,6.0
gigantic/0.05,Fixed Vector,event,0.029002080541603033,0.038460643815370885,6.0
gigantic/0.05,Fixed Vector,trace,0.11466915310020369,0.14166600280845265,5.0
gigantic/0.05,One Hot,attribute,0.023734150248556768,0.029117617329528892,1.0
gigantic/0.05,One Hot,event,0.051130836328534233,0.07538399530376604,1.0
gigantic/0.05,One Hot,trace,0.1421716388684982,0.20178274721025408,2.0
gigantic/0.05,Trace2Vec Average Then Concatinate,attribute,0.01921117307077839,0.02309972549023356,3.0
gigantic/0.05,Trace2Vec Average Then Concatinate,event,0.046155369315157235,0.06250185233581933,3.0
gigantic/0.05,Trace2Vec Average Then Concatinate,trace,0.13706062691492354,0.18598320439524438,3.0
gigantic/0.05,Trace2Vec Concatinate,attribute,0.014944693806347983,0.01172307492317434,5.0
gigantic/0.05,Trace2Vec Concatinate,event,0.030268438238023276,0.036893965249632926,5.0
gigantic/0.05,Trace2Vec Concatinate,trace,0.12493393369278227,0.15034898706651798,4.0
gigantic/0.05,Word2Vec Average Then Concatinate,attribute,0.01989084034695782,0.023878045165628168,2.0
gigantic/0.05,Word2Vec Average Then Concatinate,event,0.04719087622961639,0.06399732364684615,2.0
gigantic/0.05,Word2Vec Average Then Concatinate,trace,0.1442721705545757,0.1983385379443841,1.0
gigantic/0.05,Word2Vec Concatinate,attribute,0.0156895174596957,0.0096242844813504,4.0
gigantic/0.05,Word2Vec Concatinate,event,0.03481015172545913,0.03603758308031547,4.0
gigantic/0.05,Word2Vec Concatinate,trace,0.11419983356926199,0.13834133500096055,6.0
gigantic/0.25,Fixed Vector,attribute,0.02679065625318844,0.006543154613400912,5.0
gigantic/0.25,Fixed Vector,event,0.047906084250205504,0.024419731850706863,5.0
gigantic/0.25,Fixed Vector,trace,0.21463019771091746,0.08416265867060017,4.0
gigantic/0.25,One Hot,attribute,0.029409992239518373,0.009247519544007819,4.0
gigantic/0.25,One Hot,event,0.05706849557491121,0.040907929375213384,3.0
gigantic/0.25,One Hot,trace,0.21013054910754025,0.1032600808030126,6.0
gigantic/0.25,Trace2Vec Average Then Concatinate,attribute,0.03443761299591663,0.012698220927421091,1.0
gigantic/0.25,Trace2Vec Average Then Concatinate,event,0.06316316209694375,0.04493261349784735,1.0
gigantic/0.25,Trace2Vec Average Then Concatinate,trace,0.2173821795336166,0.09910650989748031,3.0
gigantic/0.25,Trace2Vec Concatinate,attribute,0.02986339239807816,0.010486569684758385,3.0
gigantic/0.25,Trace2Vec Concatinate,event,0.049688275598349596,0.022907238253154764,4.0
gigantic/0.25,Trace2Vec Concatinate,trace,0.22451777777848933,0.09176699284076341,2.0
gigantic/0.25,Word2Vec Average Then Concatinate,attribute,0.033176880066441185,0.010994572890697118,2.0
gigantic/0.25,Word2Vec Average Then Concatinate,event,0.06070214198807122,0.040599609992547595,2.0
gigantic/0.25,Word2Vec Average Then Concatinate,trace,0.2269352613638489,0.11206996159897355,1.0
gigantic/0.25,Word2Vec Concatinate,attribute,0.02641468453830684,0.005551492152124432,6.0
gigantic/0.25,Word2Vec Concatinate,event,0.046915513583624315,0.02441380394477924,6.0
gigantic/0.25,Word2Vec Concatinate,trace,0.21197531657739396,0.0848567829023488,5.0
gigantic/0.45,Fixed Vector,attribute,0.050481243462842364,0.01736912016751584,6.0
gigantic/0.45,Fixed Vector,event,0.08018123532241309,0.013345837802518887,5.0
gigantic/0.45,Fixed Vector,trace,0.3381056252556884,0.022625773588117005,5.0
gigantic/0.45,One Hot,attribute,0.05781734096818068,0.010593850856924913,3.0
gigantic/0.45,One Hot,event,0.0964534174797934,0.03733503868074521,3.0
gigantic/0.45,One Hot,trace,0.3503941803410906,0.058835277981815697,4.0
gigantic/0.45,Trace2Vec Average Then Concatinate,attribute,0.06129484569220174,0.01640764246031695,2.0
gigantic/0.45,Trace2Vec Average Then Concatinate,event,0.10127089126449482,0.03360304122579342,1.0
gigantic/0.45,Trace2Vec Average Then Concatinate,trace,0.35544048216815183,0.05952813105888607,2.0
gigantic/0.45,Trace2Vec Concatinate,attribute,0.054841432939944174,0.024058951525245117,4.0
gigantic/0.45,Trace2Vec Concatinate,event,0.08426494226159198,0.013237467729804749,4.0
gigantic/0.45,Trace2Vec Concatinate,trace,0.3547947622693109,0.03468780250625132,3.0
gigantic/0.45,Word2Vec Average Then Concatinate,attribute,0.061428251626623756,0.015959950816713343,1.0
gigantic/0.45,Word2Vec Average Then Concatinate,event,0.1011238528147338,0.03304607723195954,2.0
gigantic/0.45,Word2Vec Average Then Concatinate,trace,0.35803755505052226,0.061469061777415374,1.0
gigantic/0.45,Word2Vec Concatinate,attribute,0.051002109025782595,0.01700890957825127,5.0
gigantic/0.45,Word2Vec Concatinate,event,0.07881695441927135,0.012940806199672038,6.0
gigantic/0.45,Word2Vec Concatinate,trace,0.3377664691229641,0.02974694539621013,6.0
huge/0.05,Fixed Vector,attribute,0.013445901836995306,0.01098394442490534,5.0
huge/0.05,Fixed Vector,event,0.02901345275282761,0.03568424604832713,6.0
huge/0.05,Fixed Vector,trace,0.1185348716166285,0.14502206226307027,6.0
huge/0.05,One Hot,attribute,0.020190673705697874,0.02620741320392792,2.0
huge/0.05,One Hot,event,0.043082352764643304,0.06471597600896688,3.0
huge/0.05,One Hot,trace,0.12449080502838945,0.16525729452227858,3.0
huge/0.05,Trace2Vec Average Then Concatinate,attribute,0.01996370257010232,0.02248588334934767,3.0
huge/0.05,Trace2Vec Average Then Concatinate,event,0.0444988345376056,0.06379617907803671,2.0
huge/0.05,Trace2Vec Average Then Concatinate,trace,0.12300235112321167,0.16047264809635117,4.0
huge/0.05,Trace2Vec Concatinate,attribute,0.01443095526816189,0.012019029700855015,4.0
huge/0.05,Trace2Vec Concatinate,event,0.030564890464696386,0.03609180017481971,4.0
huge/0.05,Trace2Vec Concatinate,trace,0.12847513332912047,0.1476567565147121,2.0
huge/0.05,Word2Vec Average Then Concatinate,attribute,0.02043719710220253,0.022107554465647845,1.0
huge/0.05,Word2Vec Average Then Concatinate,event,0.04480938987735929,0.06298181293085614,1.0
huge/0.05,Word2Vec Average Then Concatinate,trace,0.12942669824833222,0.17111651672533768,1.0
huge/0.05,Word2Vec Concatinate,attribute,0.012801783606093587,0.010110867129833435,6.0
huge/0.05,Word2Vec Concatinate,event,0.029344459724547644,0.035504499325299026,5.0
huge/0.05,Word2Vec Concatinate,trace,0.11859375440159912,0.14371498926967366,5.0
huge/0.25,Fixed Vector,attribute,0.02721020553349924,0.008387409335713518,5.0
huge/0.25,Fixed Vector,event,0.04700077235748615,0.01956194026860215,5.0
huge/0.25,Fixed Vector,trace,0.20330579403730872,0.06473142184637311,5.0
huge/0.25,One Hot,attribute,0.030712052588042865,0.009723454134480596,2.0
huge/0.25,One Hot,event,0.05622047615927015,0.03630947103080019,3.0
huge/0.25,One Hot,trace,0.21224122084569016,0.10043947139606292,4.0
huge/0.25,Trace2Vec Average Then Concatinate,attribute,0.0313054545206054,0.009423666850331719,1.0
huge/0.25,Trace2Vec Average Then Concatinate,event,0.058364890450940676,0.03794619219077536,1.0
huge/0.25,Trace2Vec Average Then Concatinate,trace,0.21248255711047087,0.09469577445078442,3.0
huge/0.25,Trace2Vec Concatinate,attribute,0.028843026693307714,0.011928332763447768,4.0
huge/0.25,Trace2Vec Concatinate,event,0.048143335354073974,0.016129761350257316,4.0
huge/0.25,Trace2Vec Concatinate,trace,0.22206412978105539,0.07245702249656312,1.0
huge/0.25,Word2Vec Average Then Concatinate,attribute,0.030674316164136843,0.008808294093431776,3.0
huge/0.25,Word2Vec Average Then Concatinate,event,0.057313531801820215,0.03629092812876696,2.0
huge/0.25,Word2Vec Average Then Concatinate,trace,0.21574295551663,0.09880284174095631,2.0
huge/0.25,Word2Vec Concatinate,attribute,0.02571507494408591,0.007711260692381723,6.0
huge/0.25,Word2Vec Concatinate,event,0.04429142584025539,0.016893121376591203,6.0
huge/0.25,Word2Vec Concatinate,trace,0.20016532952725838,0.07014037122791719,6.0
huge/0.45,Fixed Vector,attribute,0.04629018472231443,0.014439750150818812,3.0
huge/0.45,Fixed Vector,event,0.0730191946453912,0.015560314047572044,5.0
huge/0.45,Fixed Vector,trace,0.3392824611228012,0.04887757914978673,4.0
huge/0.45,One Hot,attribute,0.045565021708610036,0.01135966350776091,4.0
huge/0.45,One Hot,event,0.07862370720094625,0.02764418985527305,3.0
huge/0.45,One Hot,trace,0.32871623378012416,0.05786051020349467,6.0
huge/0.45,Trace2Vec Average Then Concatinate,attribute,0.054348043015728896,0.015853288257610263,1.0
huge/0.45,Trace2Vec Average Then Concatinate,event,0.08857934291372895,0.0290666010165711,1.0
huge/0.45,Trace2Vec Average Then Concatinate,trace,0.3414764627404637,0.06274813255319618,3.0
huge/0.45,Trace2Vec Concatinate,attribute,0.04528292074114077,0.0178808669714206,5.0
huge/0.45,Trace2Vec Concatinate,event,0.07322586478916614,0.014568243538894009,4.0
huge/0.45,Trace2Vec Concatinate,trace,0.3492298839133039,0.060185925945914764,1.0
huge/0.45,Word2Vec Average Then Concatinate,attribute,0.05370480130851435,0.015912466548162682,2.0
huge/0.45,Word2Vec Average Then Concatinate,event,0.08573672745891567,0.025158036383395664,2.0
huge/0.45,Word2Vec Average Then Concatinate,trace,0.3439324162388853,0.06428692647913169,2.0
huge/0.45,Word2Vec Concatinate,attribute,0.04397872628149213,0.015340465247205603,6.0
huge/0.45,Word2Vec Concatinate,event,0.07153709970047381,0.014456375051308763,6.0
huge/0.45,Word2Vec Concatinate,trace,0.33533166215464066,0.04906060995933772,5.0
large/0.05,Fixed Vector,attribute,0.009507692844513634,0.007915773640383232,3.0
large/0.05,Fixed Vector,event,0.021876807134150324,0.02932433505220293,6.0
large/0.05,Fixed Vector,trace,0.1179342162293564,0.1563722147137354,2.0
large/0.05,One Hot,attribute,0.008529214784149922,0.009456034586515187,6.0
large/0.05,One Hot,event,0.022583862707805998,0.03250137682222408,5.0
large/0.05,One Hot,trace,0.111656814361527,0.152055663588653,4.0
large/0.05,Trace2Vec Average Then Concatinate,attribute,0.009044137111915937,0.008593075056923128,5.0
large/0.05,Trace2Vec Average Then Concatinate,event,0.02386444079386415,0.029865845801925812,2.0
large/0.05,Trace2Vec Average Then Concatinate,trace,0.10962743664746066,0.1441597128716736,5.0
large/0.05,Trace2Vec Concatinate,attribute,0.009605081103312771,0.008067018201327911,2.0
large/0.05,Trace2Vec Concatinate,event,0.022786534282124942,0.029122228274783828,4.0
large/0.05,Trace2Vec Concatinate,trace,0.11963349248843831,0.15244103890765381,1.0
large/0.05,Word2Vec Average Then Concatinate,attribute,0.009302538804367025,0.009160092201913463,4.0
large/0.05,Word2Vec Average Then Concatinate,event,0.024679737144524847,0.031512114534192254,1.0
large/0.05,Word2Vec Average Then Concatinate,trace,0.10916520613478817,0.14441846548216394,6.0
large/0.05,Word2Vec Concatinate,attribute,0.009662657181763243,0.008324496923176104,1.0
large/0.05,Word2Vec Concatinate,event,0.023113560491022058,0.030888976735509315,3.0
large/0.05,Word2Vec Concatinate,trace,0.11343221503667944,0.15019610365159594,3.0
large/0.25,Fixed Vector,attribute,0.02740296425215043,0.012420763916849467,3.0
large/0.25,Fixed Vector,event,0.04802788024277295,0.03385867899581785,4.0
large/0.25,Fixed Vector,trace,0.22931643699276574,0.11416463894093183,2.0
large/0.25,One Hot,attribute,0.027304576039297868,0.014012418669538755,4.0
large/0.25,One Hot,event,0.0517674741754192,0.04452194690460264,3.0
large/0.25,One Hot,trace,0.210510339329763,0.11611403006265113,6.0
large/0.25,Trace2Vec Average Then Concatinate,attribute,0.0381702755237702,0.028898849688415152,2.0
large/0.25,Trace2Vec Average Then Concatinate,event,0.06096850604316706,0.05599458257493477,2.0
large/0.25,Trace2Vec Average Then Concatinate,trace,0.2124122202496052,0.11490847955028224,5.0
large/0.25,Trace2Vec Concatinate,attribute,0.026745010688162155,0.011064596912264179,5.0
large/0.25,Trace2Vec Concatinate,event,0.04746368068295862,0.032113307444444454,5.0
large/0.25,Trace2Vec Concatinate,trace,0.23353787446079785,0.11515102545805217,1.0
large/0.25,Word2Vec Average Then Concatinate,attribute,0.03930516404431357,0.030396888798299184,1.0
large/0.25,Word2Vec Average Then Concatinate,event,0.06302381726695226,0.05910659756066012,1.0
large/0.25,Word2Vec Average Then Concatinate,trace,0.21269546716370788,0.11520164298243422,4.0
large/0.25,Word2Vec Concatinate,attribute,0.02479681400064027,0.00818441758730048,6.0
large/0.25,Word2Vec Concatinate,event,0.04618514192554268,0.02981518356710912,6.0
large/0.25,Word2Vec Concatinate,trace,0.21997000951420329,0.11141593345297715,3.0
large/0.45,Fixed Vector,attribute,0.03620722648510896,0.013018192464863628,5.0
large/0.45,Fixed Vector,event,0.05864853635153121,0.011350353628023023,6.0
large/0.45,Fixed Vector,trace,0.3253880919869806,0.04041944514635353,3.0
large/0.45,One Hot,attribute,0.03556569245513823,0.010631830833277775,6.0
large/0.45,One Hot,event,0.06040106071190693,0.015781162450202963,5.0
large/0.45,One Hot,trace,0.31941778351627137,0.04836473069256635,5.0
large/0.45,Trace2Vec Average Then Concatinate,attribute,0.04200091965852473,0.018312268000238854,1.0
large/0.45,Trace2Vec Average Then Concatinate,event,0.06728518312459657,0.01393910228134553,1.0
large/0.45,Trace2Vec Average Then Concatinate,trace,0.31971490611061176,0.0424580171390861,4.0
large/0.45,Trace2Vec Concatinate,attribute,0.03861027168350946,0.016841072449747158,3.0
large/0.45,Trace2Vec Concatinate,event,0.060922298435461035,0.011399544029590923,4.0
large/0.45,Trace2Vec Concatinate,trace,0.34206391833301014,0.05338056665829058,1.0
large/0.45,Word2Vec Average Then Concatinate,attribute,0.041982445077216574,0.018181339913328577,2.0
large/0.45,Word2Vec Average Then Concatinate,event,0.0671025627732988,0.013696534280416013,2.0
large/0.45,Word2Vec Average Then Concatinate,trace,0.3192939022499225,0.042424477121497765,6.0
large/0.45,Word2Vec Concatinate,attribute,0.036764477415400475,0.011293801121172804,4.0
large/0.45,Word2Vec Concatinate,event,0.0610590372239437,0.015286781993242925,3.0
large/0.45,Word2Vec Concatinate,trace,0.3254311498008646,0.04620612305063752,2.0
p2p/0.05,Fixed Vector,attribute,0.011965405053973947,0.009064273206837028,5.0
p2p/0.05,Fixed Vector,event,0.027510357434466358,0.03455749936255267,5.0
p2p/0.05,Fixed Vector,trace,0.10871792139602285,0.1358558011481514,6.0
p2p/0.05,One Hot,attribute,0.014906920791765968,0.014650005129078235,4.0
p2p/0.05,One Hot,event,0.03664073927338904,0.05083929141877342,2.0
p2p/0.05,One Hot,trace,0.11617655015231931,0.15749163390575033,4.0
p2p/0.05,Trace2Vec Average Then Concatinate,attribute,0.015029821339601495,0.015210285603192649,3.0
p2p/0.05,Trace2Vec Average Then Concatinate,event,0.0363407216646066,0.05194168016097329,3.0
p2p/0.05,Trace2Vec Average Then Concatinate,trace,0.12273552408578317,0.16932286708185632,3.0
p2p/0.05,Trace2Vec Concatinate,attribute,0.01566415223742527,0.012229618658959492,1.0
p2p/0.05,Trace2Vec Concatinate,event,0.03186863893329557,0.033667590764127224,4.0
p2p/0.05,Trace2Vec Concatinate,trace,0.13050286574319306,0.13691223735879043,1.0
p2p/0.05,Word2Vec Average Then Concatinate,attribute,0.015375880587726065,0.016375848431222573,2.0
p2p/0.05,Word2Vec Average Then Concatinate,event,0.03751183176475836,0.05445261564426191,1.0
p2p/0.05,Word2Vec Average Then Concatinate,trace,0.12400856987987174,0.1725852212775812,2.0
p2p/0.05,Word2Vec Concatinate,attribute,0.01161940741806255,0.009255288711355565,6.0
p2p/0.05,Word2Vec Concatinate,event,0.027504831677258156,0.03439532680365612,6.0
p2p/0.05,Word2Vec Concatinate,trace,0.11024914255344996,0.13983184683334074,5.0
p2p/0.25,Fixed Vector,attribute,0.02814753660323744,0.008554788395960942,4.0
p2p/0.25,Fixed Vector,event,0.04973703154363005,0.02337715276177758,6.0
p2p/0.25,Fixed Vector,trace,0.22138029131170617,0.0853515666840935,2.0
p2p/0.25,One Hot,attribute,0.026536106973643846,0.005187908895942631,6.0
p2p/0.25,One Hot,event,0.05147712949327269,0.03089997856255362,4.0
p2p/0.25,One Hot,trace,0.20783615858892185,0.09987408544699816,6.0
p2p/0.25,Trace2Vec Average Then Concatinate,attribute,0.0325705808487531,0.009512998355599211,2.0
p2p/0.25,Trace2Vec Average Then Concatinate,event,0.05741983614933701,0.03011467346536328,1.0
p2p/0.25,Trace2Vec Average Then Concatinate,trace,0.21840788092107682,0.09925192005350698,4.0
p2p/0.25,Trace2Vec Concatinate,attribute,0.03268358423753435,0.014503201710106,1.0
p2p/0.25,Trace2Vec Concatinate,event,0.053351190445984076,0.02088605385688458,3.0
p2p/0.25,Trace2Vec Concatinate,trace,0.24402153466940624,0.09187470113667934,1.0
p2p/0.25,Word2Vec Average Then Concatinate,attribute,0.031563712593632706,0.0092052420069203,3.0
p2p/0.25,Word2Vec Average Then Concatinate,event,0.05557336628432045,0.027529012416638188,2.0
p2p/0.25,Word2Vec Average Then Concatinate,trace,0.21859911810704818,0.10000155912642095,3.0
p2p/0.25,Word2Vec Concatinate,attribute,0.02807125699278697,0.006095364568916474,5.0
p2p/0.25,Word2Vec Concatinate,event,0.05079576702104094,0.022559835625107043,5.0
p2p/0.25,Word2Vec Concatinate,trace,0.2148651901076545,0.0868562050496262,5.0
p2p/0.45,Fixed Vector,attribute,0.052666855490127874,0.020840546316554426,5.0
p2p/0.45,Fixed Vector,event,0.08284315493340248,0.012883094760639263,6.0
p2p/0.45,Fixed Vector,trace,0.3532964146294762,0.0356981214970467,2.0
p2p/0.45,One Hot,attribute,0.05142680917210636,0.013749329042735656,6.0
p2p/0.45,One Hot,event,0.08984713103574153,0.029516751360390156,3.0
p2p/0.45,One Hot,trace,0.3411413810221058,0.057377581856967064,6.0
p2p/0.45,Trace2Vec Average Then Concatinate,attribute,0.05730275137017223,0.01753734958681868,1.0
p2p/0.45,Trace2Vec Average Then Concatinate,event,0.09439194655002471,0.02880526714340931,1.0
p2p/0.45,Trace2Vec Average Then Concatinate,trace,0.3449956736810179,0.061157075724140406,5.0
p2p/0.45,Trace2Vec Concatinate,attribute,0.05719829467593837,0.02759604723683657,2.0
p2p/0.45,Trace2Vec Concatinate,event,0.08877616372246111,0.017821004696963468,4.0
p2p/0.45,Trace2Vec Concatinate,trace,0.36896981123238604,0.053743876644765876,1.0
p2p/0.45,Word2Vec Average Then Concatinate,attribute,0.056785458338720396,0.017995835586086712,3.0
p2p/0.45,Word2Vec Average Then Concatinate,event,0.09300765457890892,0.02698103834496991,2.0
p2p/0.45,Word2Vec Average Then Concatinate,trace,0.34704098876414713,0.06278495824996685,4.0
p2p/0.45,Word2Vec Concatinate,attribute,0.05340039700486245,0.01962217181268541,4.0
p2p/0.45,Word2Vec Concatinate,event,0.08560360055415404,0.01729347100305039,5.0
p2p/0.45,Word2Vec Concatinate,trace,0.348631479671962,0.03720869082950872,3.0
small/0.05,Fixed Vector,attribute,0.012131422921024648,0.008625825090637513,5.0
small/0.05,Fixed Vector,event,0.02759606581509056,0.0352001898079765,6.0
small/0.05,Fixed Vector,trace,0.12145659495919273,0.14949203501399827,4.0
small/0.05,One Hot,attribute,0.011262550232452016,0.011588281402950394,6.0
small/0.05,One Hot,event,0.029245318918961212,0.04121320838990944,3.0
small/0.05,One Hot,trace,0.11791667145727618,0.15695259903475337,6.0
small/0.05,Trace2Vec Average Then Concatinate,attribute,0.012885158981918953,0.01092912404212591,2.0
small/0.05,Trace2Vec Average Then Concatinate,event,0.030153291186421204,0.03936286269013432,1.0
small/0.05,Trace2Vec Average Then Concatinate,trace,0.12180983125422844,0.1522672481245803,3.0
small/0.05,Trace2Vec Concatinate,attribute,0.01310621005713167,0.010028392793120195,1.0
small/0.05,Trace2Vec Concatinate,event,0.02885594927422881,0.03342170030546207,4.0
small/0.05,Trace2Vec Concatinate,trace,0.13207843013762136,0.14847940577989951,1.0
small/0.05,Word2Vec Average Then Concatinate,attribute,0.01265742386623872,0.010379868385531402,3.0
small/0.05,Word2Vec Average Then Concatinate,event,0.029784536362421687,0.03860922230236104,2.0
small/0.05,Word2Vec Average Then Concatinate,trace,0.12196226492585313,0.15133725005687473,2.0
small/0.05,Word2Vec Concatinate,attribute,0.012280093998996842,0.008454699581278102,4.0
small/0.05,Word2Vec Concatinate,event,0.028180197467923215,0.033502416723892245,5.0
small/0.05,Word2Vec Concatinate,trace,0.12105459429301361,0.15435485275107488,5.0
small/0.25,Fixed Vector,attribute,0.027537040315253364,0.011190426878100306,2.0
small/0.25,Fixed Vector,event,0.04704667305089064,0.019022854920050333,5.0
small/0.25,Fixed Vector,trace,0.2189822511304647,0.08165465754375824,2.0
small/0.25,One Hot,attribute,0.023650153774807847,0.0059958070467405955,6.0
small/0.25,One Hot,event,0.04604580760479508,0.029510819632555793,6.0
small/0.25,One Hot,trace,0.20453117417373115,0.09502449239648568,5.0
small/0.25,Trace2Vec Average Then Concatinate,attribute,0.026812166045355672,0.008425684743051106,4.0
small/0.25,Trace2Vec Average Then Concatinate,event,0.049842468220120284,0.03157396744472784,1.0
small/0.25,Trace2Vec Average Then Concatinate,trace,0.20002898453859674,0.08954499220346057,6.0
small/0.25,Trace2Vec Concatinate,attribute,0.0294361363244112,0.014552448365700505,1.0
small/0.25,Trace2Vec Concatinate,event,0.048960119222750696,0.019993710823042736,3.0
small/0.25,Trace2Vec Concatinate,trace,0.23772679997152757,0.09128874292642997,1.0
small/0.25,Word2Vec Average Then Concatinate,attribute,0.02662569128222242,0.008119776543157757,5.0
small/0.25,Word2Vec Average Then Concatinate,event,0.049404957092474826,0.030743263002432387,2.0
small/0.25,Word2Vec Average Then Concatinate,trace,0.20549978780478712,0.09610512633954064,4.0
small/0.25,Word2Vec Concatinate,attribute,0.02724624513893396,0.007672719505412569,3.0
small/0.25,Word2Vec Concatinate,event,0.04791657814492464,0.019510704853569583,4.0
small/0.25,Word2Vec Concatinate,trace,0.21727552535078629,0.08543279293588045,3.0
small/0.45,Fixed Vector,attribute,0.05380270146632478,0.02401293884138756,5.0
small/0.45,Fixed Vector,event,0.08197574132519331,0.011248323806331692,6.0
small/0.45,Fixed Vector,trace,0.3494422361127497,0.03450770998359848,3.0
small/0.45,One Hot,attribute,0.05084194895818054,0.012761902047598979,6.0
small/0.45,One Hot,event,0.08465143636895117,0.025154955578300775,5.0
small/0.45,One Hot,trace,0.34559392934844924,0.046794305888424,4.0
small/0.45,Trace2Vec Average Then Concatinate,attribute,0.05652509920494307,0.017250556515532943,2.0
small/0.45,Trace2Vec Average Then Concatinate,event,0.08914538062041967,0.02519892418881304,2.0
small/0.45,Trace2Vec Average Then Concatinate,trace,0.33838019825694887,0.046508736278530145,6.0
small/0.45,Trace2Vec Concatinate,attribute,0.05769475168715268,0.025984149082611895,1.0
small/0.45,Trace2Vec Concatinate,event,0.08789711932887223,0.015764195593903373,3.0
small/0.45,Trace2Vec Concatinate,trace,0.3718874284855228,0.05787611648347992,1.0
small/0.45,Word2Vec Average Then Concatinate,attribute,0.056510265326019014,0.017272823788199446,3.0
small/0.45,Word2Vec Average Then Concatinate,event,0.08954585997789236,0.02570260092527175,1.0
small/0.45,Word2Vec Average Then Concatinate,trace,0.34219096945531186,0.05053446467174924,5.0
small/0.45,Word2Vec Concatinate,attribute,0.05466911195795976,0.019437376650069737,4.0
small/0.45,Word2Vec Concatinate,event,0.08545795603895434,0.018879901159273543,4.0
small/0.45,Word2Vec Concatinate,trace,0.3548143957130318,0.037065354692449246,2.0
wide/0.05,Fixed Vector,attribute,0.019213623791931856,0.015807799224027887,4.0
wide/0.05,Fixed Vector,event,0.034992242930562294,0.032475537048787466,4.0
wide/0.05,Fixed Vector,trace,0.1034668062688412,0.11819399616789124,6.0
wide/0.05,One Hot,attribute,0.019288854270419035,0.022482968637284263,3.0
wide/0.05,One Hot,event,0.04595911080519186,0.06620106735695608,2.0
wide/0.05,One Hot,trace,0.12913347224549448,0.17587260343726682,2.0
wide/0.05,Trace2Vec Average Then Concatinate,attribute,0.021874252012788715,0.026003425778008068,1.0
wide/0.05,Trace2Vec Average Then Concatinate,event,0.04703887148206433,0.06738109296186967,1.0
wide/0.05,Trace2Vec Average Then Concatinate,trace,0.12638931528405778,0.16622892819877916,3.0
wide/0.05,Trace2Vec Concatinate,attribute,0.017207918255514904,0.01226552395254243,5.0
wide/0.05,Trace2Vec Concatinate,event,0.033746608048977896,0.03217026456365588,5.0
wide/0.05,Trace2Vec Concatinate,trace,0.12167410822050691,0.12079361604444405,4.0
wide/0.05,Word2Vec Average Then Concatinate,attribute,0.020406024426304174,0.02412439810479722,2.0
wide/0.05,Word2Vec Average Then Concatinate,event,0.045605082560264125,0.06548059503821964,3.0
wide/0.05,Word2Vec Average Then Concatinate,trace,0.12916078339306447,0.17162274449586537,1.0
wide/0.05,Word2Vec Concatinate,attribute,0.015122214755588823,0.010037129354055279,6.0
wide/0.05,Word2Vec Concatinate,event,0.031292455581831205,0.03216862643818673,6.0
wide/0.05,Word2Vec Concatinate,trace,0.1056477436645813,0.12269648288459083,5.0
wide/0.25,Fixed Vector,attribute,0.039556659873170294,0.019592025018643426,6.0
wide/0.25,Fixed Vector,event,0.062058162311792994,0.015646707075395352,6.0
wide/0.25,Fixed Vector,trace,0.20829250090112228,0.04271302782578533,5.0
wide/0.25,One Hot,attribute,0.04597945999288997,0.015826830889612266,1.0
wide/0.25,One Hot,event,0.07896964043261807,0.04785665595278332,3.0
wide/0.25,One Hot,trace,0.22892917087908207,0.10273199906947224,4.0
wide/0.25,Trace2Vec Average Then Concatinate,attribute,0.04571176140695614,0.014968978638598057,2.0
wide/0.25,Trace2Vec Average Then Concatinate,event,0.07964549139920504,0.04885847672187146,1.0
wide/0.25,Trace2Vec Average Then Concatinate,trace,0.23036610515150935,0.09866348964711565,2.0
wide/0.25,Trace2Vec Concatinate,attribute,0.04248386170562625,0.025264925429607184,4.0
wide/0.25,Trace2Vec Concatinate,event,0.06423648834292009,0.01868993677737226,4.0
wide/0.25,Trace2Vec Concatinate,trace,0.23156325983667783,0.05260078496699253,1.0
wide/0.25,Word2Vec Average Then Concatinate,attribute,0.04530709235876827,0.014519810832921016,3.0
wide/0.25,Word2Vec Average Then Concatinate,event,0.07910426338974974,0.0479243628533311,2.0
wide/0.25,Word2Vec Average Then Concatinate,trace,0.23035326592286126,0.0986955664920707,3.0
wide/0.25,Word2Vec Concatinate,attribute,0.0396248637702919,0.016932059725045676,5.0
wide/0.25,Word2Vec Concatinate,event,0.0630536559946381,0.013117982891492021,5.0
wide/0.25,Word2Vec Concatinate,trace,0.20638071044105522,0.04261160799360156,6.0
wide/0.45,Fixed Vector,attribute,0.06339073655561372,0.032112053321780284,6.0
wide/0.45,Fixed Vector,event,0.09425409763461637,0.013168876007234246,6.0
wide/0.45,Fixed Vector,trace,0.33222570393803574,0.030190749572695665,5.0
wide/0.45,One Hot,attribute,0.06717006156202995,0.021357497670011914,4.0
wide/0.45,One Hot,event,0.11093417818970966,0.02939190939043427,3.0
wide/0.45,One Hot,trace,0.3509685926789706,0.0551518924034586,3.0
wide/0.45,Trace2Vec Average Then Concatinate,attribute,0.07141527391271466,0.026025770754437384,1.0
wide/0.45,Trace2Vec Average Then Concatinate,event,0.11317081819594237,0.02630251962350986,1.0
wide/0.45,Trace2Vec Average Then Concatinate,trace,0.3525314443259669,0.05587559325055697,1.0
wide/0.45,Trace2Vec Concatinate,attribute,0.06642316586524977,0.036493231753838215,5.0
wide/0.45,Trace2Vec Concatinate,event,0.09853516488512765,0.01820117352157372,5.0
wide/0.45,Trace2Vec Concatinate,trace,0.3400960156512635,0.04315376049146124,4.0
wide/0.45,Word2Vec Average Then Concatinate,attribute,0.07132288738562456,0.02632813182739068,2.0
wide/0.45,Word2Vec Average Then Concatinate,event,0.1127707730432248,0.025388684726416193,2.0
wide/0.45,Word2Vec Average Then Concatinate,trace,0.3520252726607513,0.05454217720249762,2.0
wide/0.45,Word2Vec Concatinate,attribute,0.06934473975125492,0.03916069045528491,3.0
wide/0.45,Word2Vec Concatinate,event,0.10182392589020414,0.021677752120718104,4.0
wide/0.45,Word2Vec Concatinate,trace,0.3313005076731921,0.022207802858785215,6.0
gigantic/0.05,Fixed Vector,combined,0.05210625830604979,0.09497479610604173,6.0
gigantic/0.05,One Hot,combined,0.07234554181519641,0.13349707218819737,1.0
gigantic/0.05,Trace2Vec Average Then Concatinate,combined,0.06747572310028639,0.12310175305476254,3.0
gigantic/0.05,Trace2Vec Concatinate,combined,0.05671568857905118,0.10054312384649437,4.0
gigantic/0.05,Word2Vec Average Then Concatinate,combined,0.0704512957103833,0.13064471517213783,2.0
gigantic/0.05,Word2Vec Concatinate,combined,0.05489983425147227,0.09216969827669128,5.0
gigantic/0.25,Fixed Vector,combined,0.0964423127381038,0.09831092100516199,5.0
gigantic/0.25,One Hot,combined,0.09886967897398995,0.10209916556884671,4.0
gigantic/0.25,Trace2Vec Average Then Concatinate,combined,0.10499431820882567,0.1021154153872062,2.0
gigantic/0.25,Trace2Vec Concatinate,combined,0.10135648192497236,0.10339825715065835,3.0
gigantic/0.25,Word2Vec Average Then Concatinate,combined,0.1069380944727871,0.10983846553743017,1.0
gigantic/0.25,Word2Vec Concatinate,combined,0.09510183823310837,0.0976350833880281,6.0
gigantic/0.45,Fixed Vector,combined,0.1562560346803146,0.131467715095607,5.0
gigantic/0.45,One Hot,combined,0.16822164626302158,0.13684825191131497,3.0
gigantic/0.45,Trace2Vec Average Then Concatinate,combined,0.17266873970828278,0.13728873655543233,2.0
gigantic/0.45,Trace2Vec Concatinate,combined,0.16463371249028239,0.13825935408393814,4.0
gigantic/0.45,Word2Vec Average Then Concatinate,combined,0.17352988649729326,0.1386636442218887,1.0
gigantic/0.45,Word2Vec Concatinate,combined,0.15586184418933935,0.1316930077920983,6.0
huge/0.05,Fixed Vector,combined,0.053664742068817134,0.09696673433879359,5.0
huge/0.05,One Hot,combined,0.0625879438329102,0.11136392060859102,2.0
huge/0.05,Trace2Vec Average Then Concatinate,combined,0.06248829607697319,0.10830684428261406,3.0
huge/0.05,Trace2Vec Concatinate,combined,0.05782365968732625,0.10034636834888551,4.0
huge/0.05,Word2Vec Average Then Concatinate,combined,0.06489109507596467,0.11437933805833021,1.0
huge/0.05,Word2Vec Concatinate,combined,0.05357999924408011,0.09654850924319974,6.0
huge/0.25,Fixed Vector,combined,0.09250559064276472,0.08834039948964673,5.0
huge/0.25,One Hot,combined,0.09972458319766772,0.10124862934594064,3.0
huge/0.25,Trace2Vec Average Then Concatinate,combined,0.10071763402733899,0.09927604358255315,2.0
huge/0.25,Trace2Vec Concatinate,combined,0.09968349727614569,0.09740648289224599,4.0
huge/0.25,Word2Vec Average Then Concatinate,combined,0.10124360116086237,0.10187856716405164,1.0
huge/0.25,Word2Vec Concatinate,combined,0.09005727677053323,0.08894379943766317,6.0
huge/0.45,Fixed Vector,combined,0.15286394683016893,0.13676985347594425,4.0
huge/0.45,One Hot,combined,0.15096832089656015,0.13272495695000017,5.0
huge/0.45,Trace2Vec Average Then Concatinate,combined,0.16146794955664054,0.13526162251182886,1.0
huge/0.45,Trace2Vec Concatinate,combined,0.15591288981453694,0.14292178869042535,3.0
huge/0.45,Word2Vec Average Then Concatinate,combined,0.16112464833543844,0.13705008034618027,2.0
huge/0.45,Word2Vec Concatinate,combined,0.15028249604553554,0.1357009724874113,6.0
large/0.05,Fixed Vector,combined,0.049772905402673456,0.10276111393722637,2.0
large/0.05,One Hot,combined,0.047589963951160975,0.0996756696686233,5.0
large/0.05,Trace2Vec Average Then Concatinate,combined,0.04751200485108025,0.09488217827720107,6.0
large/0.05,Trace2Vec Concatinate,combined,0.05067503595795867,0.10131237864233393,1.0
large/0.05,Word2Vec Average Then Concatinate,combined,0.04771582736122668,0.09499188453200544,4.0
large/0.05,Word2Vec Concatinate,combined,0.04873614423648825,0.09895545015005427,3.0
large/0.25,Fixed Vector,combined,0.10158242716256302,0.11394943462230273,4.0
large/0.25,One Hot,combined,0.09652746318149337,0.10840184094560179,6.0
large/0.25,Trace2Vec Average Then Concatinate,combined,0.10385033393884749,0.10775706369054548,2.0
large/0.25,Trace2Vec Concatinate,combined,0.10258218861063956,0.11591877767165656,3.0
large/0.25,Word2Vec Average Then Concatinate,combined,0.10500814949165792,0.10811270820522714,1.0
large/0.25,Word2Vec Concatinate,combined,0.09698398848012874,0.10989795895976275,5.0
large/0.45,Fixed Vector,combined,0.14008128494120692,0.13478816894537518,5.0
large/0.45,One Hot,combined,0.13846151222777217,0.13275735815004125,6.0
large/0.45,Trace2Vec Average Then Concatinate,combined,0.14300033629791103,0.12937582970397044,2.0
large/0.45,Trace2Vec Concatinate,combined,0.14719882948399354,0.14281035954051793,1.0
large/0.45,Word2Vec Average Then Concatinate,combined,0.1427929700334793,0.12920417631945272,3.0
large/0.45,Word2Vec Concatinate,combined,0.14108488814673625,0.1346829271669122,4.0
p2p/0.05,Fixed Vector,combined,0.04939789462815439,0.09047078866816166,6.0
p2p/0.05,One Hot,combined,0.05590807007249144,0.10400023040149751,4.0
p2p/0.05,Trace2Vec Average Then Concatinate,combined,0.05803535569666375,0.1112727492664126,3.0
p2p/0.05,Trace2Vec Concatinate,combined,0.05934521897130464,0.09539233457362434,1.0
p2p/0.05,Word2Vec Average Then Concatinate,combined,0.058965427410785386,0.1134346438997016,2.0
p2p/0.05,Word2Vec Concatinate,combined,0.04979112721625689,0.09295706693259696,5.0
p2p/0.25,Fixed Vector,combined,0.09975495315285789,0.1007286585040739,4.0
p2p/0.25,One Hot,combined,0.09528313168527948,0.10037561881825567,6.0
p2p/0.25,Trace2Vec Average Then Concatinate,combined,0.1027994326397223,0.10195151777156385,2.0
p2p/0.25,Trace2Vec Concatinate,combined,0.11001876978430822,0.11009481726406964,1.0
p2p/0.25,Word2Vec Average Then Concatinate,combined,0.10191206566166712,0.10253198614418202,3.0
p2p/0.25,Word2Vec Concatinate,combined,0.09791073804049415,0.09822373711760052,5.0
p2p/0.45,Fixed Vector,combined,0.16293547501766883,0.13850553556788445,4.0
p2p/0.45,One Hot,combined,0.16080510707665124,0.13486297402267453,6.0
p2p/0.45,Trace2Vec Average Then Concatinate,combined,0.16556345720040494,0.13481349342172697,3.0
p2p/0.45,Trace2Vec Concatinate,combined,0.1716480898769285,0.14558818307980426,1.0
p2p/0.45,Word2Vec Average Then Concatinate,combined,0.16561136722725883,0.13626391857661485,2.0
p2p/0.45,Word2Vec Concatinate,combined,0.16254515907699282,0.13565875682740205,5.0
small/0.05,Fixed Vector,combined,0.05372802789843598,0.09996368187960124,5.0
small/0.05,One Hot,combined,0.05280818020289647,0.10360281363989846,6.0
small/0.05,Trace2Vec Average Then Concatinate,combined,0.0549494271408562,0.10162418375763789,2.0
small/0.05,Trace2Vec Concatinate,combined,0.05801352982299394,0.10178159321807788,1.0
small/0.05,Word2Vec Average Then Concatinate,combined,0.054801408384837845,0.10116080182949587,3.0
small/0.05,Word2Vec Concatinate,combined,0.05383829525331122,0.10216853670903812,4.0
small/0.25,Fixed Vector,combined,0.09785532149886957,0.09913996505751745,2.0
small/0.25,One Hot,combined,0.09140904518444469,0.09895277845199335,6.0
small/0.25,Trace2Vec Average Then Concatinate,combined,0.0922278729346909,0.09447216333868609,5.0
small/0.25,Trace2Vec Concatinate,combined,0.10537435183956315,0.10886821097452827,1.0
small/0.25,Word2Vec Average Then Concatinate,combined,0.09384347872649479,0.09862625066689999,4.0
small/0.25,Word2Vec Concatinate,combined,0.09747944954488162,0.09927537826338544,3.0
small/0.45,Fixed Vector,combined,0.1617402263014226,0.13659808481100055,4.0
small/0.45,One Hot,combined,0.16036243822519364,0.13638638584926788,6.0
small/0.45,Trace2Vec Average Then Concatinate,combined,0.16135022602743723,0.13081531360915313,5.0
small/0.45,Trace2Vec Concatinate,combined,0.17249309983384925,0.1474677823389045,1.0
small/0.45,Word2Vec Average Then Concatinate,combined,0.16274903158640772,0.13299912042406364,3.0
small/0.45,Word2Vec Concatinate,combined,0.16498048790331532,0.13825831362472543,2.0
wide/0.05,Fixed Vector,combined,0.05255755766377845,0.07923951925917971,5.0
wide/0.05,One Hot,combined,0.06479381244036847,0.11730492638293832,3.0
wide/0.05,Trace2Vec Average Then Concatinate,combined,0.06510081292630361,0.1122302021480888,1.0
wide/0.05,Trace2Vec Concatinate,combined,0.0575428781749999,0.08495986983682148,4.0
wide/0.05,Word2Vec Average Then Concatinate,combined,0.06505729679321091,0.11511120640587687,2.0
wide/0.05,Word2Vec Concatinate,combined,0.05068747133400044,0.08218257326937009,6.0
wide/0.25,Fixed Vector,combined,0.1033024410286952,0.08050254015377101,5.0
wide/0.25,One Hot,combined,0.11795942376819671,0.10326120295427729,3.0
wide/0.25,Trace2Vec Average Then Concatinate,combined,0.11857445265255685,0.10259386667456559,1.0
wide/0.25,Trace2Vec Concatinate,combined,0.1127612032950747,0.09201000401538739,4.0
wide/0.25,Word2Vec Average Then Concatinate,combined,0.11825487389045977,0.10260367013721897,2.0
wide/0.25,Word2Vec Concatinate,combined,0.10301974340199509,0.07921327170620375,6.0
wide/0.45,Fixed Vector,combined,0.1632901793760886,0.12391272367260646,6.0
wide/0.45,One Hot,combined,0.17635761081023676,0.13127124435249812,3.0
wide/0.45,Trace2Vec Average Then Concatinate,combined,0.17903917881154133,0.13056305051589168,1.0
wide/0.45,Trace2Vec Concatinate,combined,0.16835144880054698,0.12770318611463397,4.0
wide/0.45,Word2Vec Average Then Concatinate,combined,0.17870631102986687,0.13020860966224887,2.0
wide/0.45,Word2Vec Concatinate,combined,0.16748972443821705,0.12094296931363552,5.0
